"YY","GEAR_CODE","FLAG_CODE","FLEET_CODE","SP_CODE","SP_NAME","SP_MT"
"1952","O","NP",,"ALB","ALBACORE","4572"
"1953","O","NP",,"ALB","ALBACORE","4981"
"1954","O","NP",,"ALB","ALBACORE","4672"
"1955","O","NP",,"ALB","ALBACORE","3723"
"1956","O","NP",,"ALB","ALBACORE","3105"
"1957","O","NP",,"ALB","ALBACORE","5013"
"1958","O","NP",,"ALB","ALBACORE","5442"
"1959","O","NP",,"ALB","ALBACORE","4608"
"1960","O","NP",,"ALB","ALBACORE","3139"
"1961","O","NP",,"ALB","ALBACORE","6164"
"1962","O","NP",,"ALB","ALBACORE","7093"
"1963","O","NP",,"ALB","ALBACORE","4050"
"1964","O","NP",,"ALB","ALBACORE","5596"
"1965","O","NP",,"ALB","ALBACORE","6619"
"1966","O","NP",,"ALB","ALBACORE","8115"
"1967","O","NP",,"ALB","ALBACORE","11534"
"1968","O","NP",,"ALB","ALBACORE","10430"
"1969","O","NP",,"ALB","ALBACORE","5187"
"1970","O","NP",,"ALB","ALBACORE","1703"
"1971","O","NP",,"ALB","ALBACORE","5931"
"1972","O","NP",,"ALB","ALBACORE","10480"
"1973","O","NP",,"ALB","ALBACORE","2318"
"1974","O","NP",,"ALB","ALBACORE","7004"
"1975","O","NP",,"ALB","ALBACORE","5738"
"1976","O","NP",,"ALB","ALBACORE","552"
"1979","O","NP",,"ALB","ALBACORE","2461"
"1980","O","NP",,"ALB","ALBACORE","2083"
"1981","O","NP",,"ALB","ALBACORE","119"
"1982","O","NP",,"ALB","ALBACORE","972"
"1983","O","NP",,"ALB","ALBACORE","802"
"2023","T","EP",,"ALB","ALBACORE","6610"
"2023","O","EP",,"ALB","ALBACORE","336"
"1952","O","EP",,"ALB","ALBACORE","1373"
"1953","O","EP",,"ALB","ALBACORE","171"
"1954","O","EP",,"ALB","ALBACORE","147"
"1955","O","EP",,"ALB","ALBACORE","577"
"1956","O","EP",,"ALB","ALBACORE","482"
"1957","O","EP",,"ALB","ALBACORE","304"
"1958","O","EP",,"ALB","ALBACORE","48"
"1960","O","EP",,"ALB","ALBACORE","663"
"1961","O","EP",,"ALB","ALBACORE","2143"
"1962","O","EP",,"ALB","ALBACORE","1913"
"1963","O","EP",,"ALB","ALBACORE","2381"
"1964","O","EP",,"ALB","ALBACORE","970"
"1965","O","EP",,"ALB","ALBACORE","978"
"1966","O","EP",,"ALB","ALBACORE","607"
"1967","O","EP",,"ALB","ALBACORE","961"
"1968","O","EP",,"ALB","ALBACORE","1108"
"1969","O","EP",,"ALB","ALBACORE","366"
"1971","O","EP",,"ALB","ALBACORE","1251"
"1970","O","EP",,"ALB","ALBACORE","891"
"1972","O","EP",,"ALB","ALBACORE","1089"
"1973","O","EP",,"ALB","ALBACORE","84"
"1974","O","EP",,"ALB","ALBACORE","94"
"1976","O","EP",,"ALB","ALBACORE","989"
"1975","O","EP",,"ALB","ALBACORE","640"
"1977","O","EP",,"ALB","ALBACORE","1518"
"1979","O","EP",,"ALB","ALBACORE","236"
"1980","O","EP",,"ALB","ALBACORE","422"
"1981","O","EP",,"ALB","ALBACORE","361"
"1982","O","EP",,"ALB","ALBACORE","614"
"1983","O","EP",,"ALB","ALBACORE","96"
"1984","O","EP",,"ALB","ALBACORE","5361"
"1985","O","EP",,"ALB","ALBACORE","1388"
"1986","O","EP",,"ALB","ALBACORE","392"
"1987","O","EP",,"ALB","ALBACORE","175"
"1988","O","EP",,"ALB","ALBACORE","81"
"1989","O","EP",,"ALB","ALBACORE","251"
"1990","O","EP",,"ALB","ALBACORE","369"
"1991","O","EP",,"ALB","ALBACORE","176"
"1992","O","EP",,"ALB","ALBACORE","20"
"1993","O","EP",,"ALB","ALBACORE","44"
"1994","O","EP",,"ALB","ALBACORE","128"
"1995","O","EP",,"ALB","ALBACORE","117"
"1996","O","EP",,"ALB","ALBACORE","120"
"1997","O","EP",,"ALB","ALBACORE","1019"
"1998","O","EP",,"ALB","ALBACORE","1250"
"1999","O","EP",,"ALB","ALBACORE","3675"
"2000","O","EP",,"ALB","ALBACORE","1801"
"2001","O","EP",,"ALB","ALBACORE","1640"
"2002","O","EP",,"ALB","ALBACORE","2397"
"2003","O","EP",,"ALB","ALBACORE","2229"
"1950","T","EP",,"ALB","ALBACORE","32746"
"1951","T","EP",,"ALB","ALBACORE","15629"
"1952","T","EP",,"ALB","ALBACORE","23843"
"1953","T","EP",,"ALB","ALBACORE","15740"
"1954","T","EP",,"ALB","ALBACORE","12246"
"1955","T","EP",,"ALB","ALBACORE","13264"
"1956","T","EP",,"ALB","ALBACORE","18751"
"1957","T","EP",,"ALB","ALBACORE","21165"
"1958","T","EP",,"ALB","ALBACORE","14855"
"1959","T","EP",,"ALB","ALBACORE","20990"
"1960","T","EP",,"ALB","ALBACORE","20100"
"1961","T","EP",,"ALB","ALBACORE","12055"
"1962","T","EP",,"ALB","ALBACORE","19752"
"1963","T","EP",,"ALB","ALBACORE","25140"
"1964","T","EP",,"ALB","ALBACORE","18388"
"1965","T","EP",,"ALB","ALBACORE","16542"
"1966","T","EP",,"ALB","ALBACORE","15333"
"1967","T","EP",,"ALB","ALBACORE","17814"
"1968","T","EP",,"ALB","ALBACORE","20434"
"1969","T","EP",,"ALB","ALBACORE","18827"
"1970","T","EP",,"ALB","ALBACORE","21032"
"1971","T","EP",,"ALB","ALBACORE","20526"
"1972","T","EP",,"ALB","ALBACORE","23600"
"1973","T","EP",,"ALB","ALBACORE","15653"
"1974","T","EP",,"ALB","ALBACORE","20178"
"1975","T","EP",,"ALB","ALBACORE","18861"
"1976","T","EP",,"ALB","ALBACORE","15905"
"1977","T","EP",,"ALB","ALBACORE","9968"
"1978","T","EP",,"ALB","ALBACORE","16613"
"1979","T","EP",,"ALB","ALBACORE","4955"
"1980","T","EP",,"ALB","ALBACORE","5421"
"1981","T","EP",,"ALB","ALBACORE","12039"
"1982","T","EP",,"ALB","ALBACORE","3303"
"1983","T","EP",,"ALB","ALBACORE","7751"
"1984","T","EP",,"ALB","ALBACORE","8343"
"1985","T","EP",,"ALB","ALBACORE","5308"
"1986","T","EP",,"ALB","ALBACORE","4356"
"1987","T","EP",,"ALB","ALBACORE","2488"
"1988","T","EP",,"ALB","ALBACORE","5485"
"1989","T","EP",,"ALB","ALBACORE","2445"
"1990","T","EP",,"ALB","ALBACORE","3775"
"1991","T","EP",,"ALB","ALBACORE","2578"
"1992","T","EP",,"ALB","ALBACORE","5720"
"1993","T","EP",,"ALB","ALBACORE","4366"
"1994","T","EP",,"ALB","ALBACORE","10015"
"1995","T","EP",,"ALB","ALBACORE","7308"
"1996","T","EP",,"ALB","ALBACORE","8289"
"1997","T","EP",,"ALB","ALBACORE","6523"
"1998","T","EP",,"ALB","ALBACORE","11947"
"1999","T","EP",,"ALB","ALBACORE","10929"
"2000","T","EP",,"ALB","ALBACORE","11654"
"2001","T","EP",,"ALB","ALBACORE","12126"
"2002","T","EP",,"ALB","ALBACORE","12056"
"2003","T","EP",,"ALB","ALBACORE","18315"
"2004","T","EP",,"ALB","ALBACORE","20641"
"2005","T","EP",,"ALB","ALBACORE","13992"
"2006","T","EP",,"ALB","ALBACORE","18736"
"2007","T","EP",,"ALB","ALBACORE","18574"
"2008","O","EP",,"ALB","ALBACORE","418"
"2004","O","EP",,"ALB","ALBACORE","1518"
"2005","O","EP",,"ALB","ALBACORE","1746"
"2006","O","EP",,"ALB","ALBACORE","418"
"2007","O","EP",,"ALB","ALBACORE","1315"
"2008","T","EP",,"ALB","ALBACORE","16147"
"2009","T","EP",,"ALB","ALBACORE","16265"
"2009","O","EP",,"ALB","ALBACORE","890"
"2010","T","EP",,"ALB","ALBACORE","19161"
"2010","O","EP",,"ALB","ALBACORE","1023"
"2011","T","EP",,"ALB","ALBACORE","16382"
"2011","O","EP",,"ALB","ALBACORE","678"
"2012","T","EP",,"ALB","ALBACORE","16681"
"2012","O","EP",,"ALB","ALBACORE","1432"
"2013","T","EP",,"ALB","ALBACORE","17422"
"2013","O","EP",,"ALB","ALBACORE","1115"
"2014","T","EP",,"ALB","ALBACORE","17422"
"2014","O","EP",,"ALB","ALBACORE","1115"
"2015","T","EP",,"ALB","ALBACORE","15986"
"2015","O","EP",,"ALB","ALBACORE","1156"
"2016","T","EP",,"ALB","ALBACORE","13619"
"2016","O","EP",,"ALB","ALBACORE","966"
"2017","T","EP",,"ALB","ALBACORE","8871"
"2017","O","EP",,"ALB","ALBACORE","592"
"2018","O","EP",,"ALB","ALBACORE","702"
"2018","T","EP",,"ALB","ALBACORE","10433"
"2019","T","EP",,"ALB","ALBACORE","10167"
"2019","O","EP",,"ALB","ALBACORE","1730"
"2020","T","EP",,"ALB","ALBACORE","9873"
"2020","O","EP",,"ALB","ALBACORE","453"
"1950","O","NP",,"ALB","ALBACORE","5835"
"1951","O","NP",,"ALB","ALBACORE","6577"
"1984","O","NP",,"ALB","ALBACORE","1454"
"1985","O","NP",,"ALB","ALBACORE","1765"
"1986","O","NP",,"ALB","ALBACORE","909"
"1987","O","NP",,"ALB","ALBACORE","677"
"1988","O","NP",,"ALB","ALBACORE","5996"
"1989","O","NP",,"ALB","ALBACORE","15154"
"1990","O","NP",,"ALB","ALBACORE","18784"
"1991","O","NP",,"ALB","ALBACORE","5840"
"1992","O","NP",,"ALB","ALBACORE","8738"
"1993","O","NP",,"ALB","ALBACORE","3157"
"1994","O","NP",,"ALB","ALBACORE","4088"
"1995","O","NP",,"ALB","ALBACORE","5572"
"1996","O","NP",,"ALB","ALBACORE","14762"
"1997","O","NP",,"ALB","ALBACORE","14773"
"1998","O","NP",,"ALB","ALBACORE","12185"
"1999","O","NP",,"ALB","ALBACORE","12282"
"2000","O","NP",,"ALB","ALBACORE","14062"
"2001","O","NP",,"ALB","ALBACORE","4875"
"2002","O","NP",,"ALB","ALBACORE","13040"
"2003","O","NP",,"ALB","ALBACORE","4364"
"2004","O","NP",,"ALB","ALBACORE","2789"
"2005","O","NP",,"ALB","ALBACORE","5096"
"2006","O","NP",,"ALB","ALBACORE","2990"
"2007","O","NP",,"ALB","ALBACORE","1533"
"2008","O","NP",,"ALB","ALBACORE","4104"
"2009","O","NP",,"ALB","ALBACORE","6850"
"2010","O","NP",,"ALB","ALBACORE","6103"
"2011","O","NP",,"ALB","ALBACORE","1440"
"2012","O","NP",,"ALB","ALBACORE","540"
"2013","O","NP",,"ALB","ALBACORE","2404"
"2014","O","NP",,"ALB","ALBACORE","1461"
"2015","O","NP",,"ALB","ALBACORE","628"
"2016","O","NP",,"ALB","ALBACORE","1094"
"2019","O","NP",,"ALB","ALBACORE","898"
"2021","O","NP",,"ALB","ALBACORE","3805"
"2022","O","NP",,"ALB","ALBACORE","12597"
"2023","L","EP",,"ALB","ALBACORE","31800"
"1978","O","EP",,"ALB","ALBACORE","979"
"2021","T","EP",,"ALB","ALBACORE","6610"
"2021","O","EP",,"ALB","ALBACORE","336"
"2022","O","EP",,"ALB","ALBACORE","336"
"2022","T","EP",,"ALB","ALBACORE","6610"
"1956","L","EP",,"ALB","ALBACORE","305"
"1957","L","EP",,"ALB","ALBACORE","692"
"1958","L","EP",,"ALB","ALBACORE","2005"
"1959","L","EP",,"ALB","ALBACORE","2617"
"1960","L","EP",,"ALB","ALBACORE","2668"
"1961","L","EP",,"ALB","ALBACORE","2842"
"1962","L","EP",,"ALB","ALBACORE","6534"
"1963","L","EP",,"ALB","ALBACORE","13616"
"1964","L","EP",,"ALB","ALBACORE","6765"
"1965","L","EP",,"ALB","ALBACORE","4258"
"1966","L","EP",,"ALB","ALBACORE","4366"
"1967","L","EP",,"ALB","ALBACORE","7975"
"1968","L","EP",,"ALB","ALBACORE","5136"
"1969","L","EP",,"ALB","ALBACORE","2749"
"1970","L","EP",,"ALB","ALBACORE","6504"
"1971","L","EP",,"ALB","ALBACORE","7495"
"1972","L","EP",,"ALB","ALBACORE","5821"
"1973","L","EP",,"ALB","ALBACORE","4554"
"1974","L","EP",,"ALB","ALBACORE","4456"
"1975","L","EP",,"ALB","ALBACORE","1369"
"1976","L","EP",,"ALB","ALBACORE","2506"
"1977","L","EP",,"ALB","ALBACORE","10578"
"1978","L","EP",,"ALB","ALBACORE","11939"
"1979","L","EP",,"ALB","ALBACORE","5583"
"1980","L","EP",,"ALB","ALBACORE","5319"
"1981","L","EP",,"ALB","ALBACORE","7275"
"1982","L","EP",,"ALB","ALBACORE","8407"
"1983","L","EP",,"ALB","ALBACORE","7433"
"1984","L","EP",,"ALB","ALBACORE","6712"
"1985","L","EP",,"ALB","ALBACORE","7268"
"1986","L","EP",,"ALB","ALBACORE","6450"
"1987","L","EP",,"ALB","ALBACORE","9994"
"1988","L","EP",,"ALB","ALBACORE","9934"
"1989","L","EP",,"ALB","ALBACORE","6784"
"1990","L","EP",,"ALB","ALBACORE","6536"
"1991","L","EP",,"ALB","ALBACORE","7893"
"1992","L","EP",,"ALB","ALBACORE","17080"
"1993","L","EP",,"ALB","ALBACORE","11194"
"1994","L","EP",,"ALB","ALBACORE","10390"
"1995","L","EP",,"ALB","ALBACORE","6185"
"1996","L","EP",,"ALB","ALBACORE","7631"
"1997","L","EP",,"ALB","ALBACORE","9678"
"1998","L","EP",,"ALB","ALBACORE","12635"
"1999","L","EP",,"ALB","ALBACORE","11633"
"2000","L","EP",,"ALB","ALBACORE","9663"
"2001","L","EP",,"ALB","ALBACORE","19410"
"2002","L","EP",,"ALB","ALBACORE","15289"
"2003","L","EP",,"ALB","ALBACORE","24901"
"2004","L","EP",,"ALB","ALBACORE","18444"
"2005","L","EP",,"ALB","ALBACORE","9350"
"2006","L","EP",,"ALB","ALBACORE","13832"
"2007","L","EP",,"ALB","ALBACORE","11107"
"2008","L","EP",,"ALB","ALBACORE","9218"
"2009","L","EP",,"ALB","ALBACORE","12072"
"2010","L","EP",,"ALB","ALBACORE","14256"
"2011","L","EP",,"ALB","ALBACORE","16190"
"2012","L","EP",,"ALB","ALBACORE","24196"
"2013","L","EP",,"ALB","ALBACORE","25397"
"2014","L","EP",,"ALB","ALBACORE","29231"
"2015","L","EP",,"ALB","ALBACORE","28938"
"2016","L","EP",,"ALB","ALBACORE","26777"
"2017","L","EP",,"ALB","ALBACORE","26592"
"2018","L","EP",,"ALB","ALBACORE","25759"
"2019","L","EP",,"ALB","ALBACORE","20812"
"2020","L","EP",,"ALB","ALBACORE","19993"
"2021","L","EP",,"ALB","ALBACORE","31471"
"2022","L","EP",,"ALB","ALBACORE","31800"
"2000","S","EP",,"ALB","ALBACORE","71"
"2001","S","EP",,"ALB","ALBACORE","3"
"2002","S","EP",,"ALB","ALBACORE","31"
"2003","S","EP",,"ALB","ALBACORE","34"
"2004","S","EP",,"ALB","ALBACORE","105"
"2005","S","EP",,"ALB","ALBACORE","2"
"2006","S","EP",,"ALB","ALBACORE","109"
"2007","S","EP",,"ALB","ALBACORE","187"
"2008","S","EP",,"ALB","ALBACORE","49"
"2009","S","EP",,"ALB","ALBACORE","59"
"2010","S","EP",,"ALB","ALBACORE","25"
"2011","S","EP",,"ALB","ALBACORE","10"
"2018","S","EP",,"ALB","ALBACORE","8"
"1960","P","EP",,"ALB","ALBACORE","2518"
"1961","P","EP",,"ALB","ALBACORE","1633"
"1962","P","EP",,"ALB","ALBACORE","939"
"1963","P","EP",,"ALB","ALBACORE","2203"
"1964","P","EP",,"ALB","ALBACORE","3185"
"1965","P","EP",,"ALB","ALBACORE","397"
"1966","P","EP",,"ALB","ALBACORE","1922"
"1967","P","EP",,"ALB","ALBACORE","3495"
"1968","P","EP",,"ALB","ALBACORE","4339"
"1969","P","EP",,"ALB","ALBACORE","2936"
"1970","P","EP",,"ALB","ALBACORE","4407"
"1971","P","EP",,"ALB","ALBACORE","2414"
"1972","P","EP",,"ALB","ALBACORE","4380"
"1973","P","EP",,"ALB","ALBACORE","2316"
"1975","P","EP",,"ALB","ALBACORE","3332"
"1976","P","EP",,"ALB","ALBACORE","3456"
"1977","P","EP",,"ALB","ALBACORE","1960"
"1974","P","EP",,"ALB","ALBACORE","4783"
"1978","P","EP",,"ALB","ALBACORE","1577"
"1979","P","EP",,"ALB","ALBACORE","179"
"1980","P","EP",,"ALB","ALBACORE","407"
"1982","P","EP",,"ALB","ALBACORE","198"
"1983","P","EP",,"ALB","ALBACORE","449"
"1984","P","EP",,"ALB","ALBACORE","1441"
"1985","P","EP",,"ALB","ALBACORE","877"
"1981","P","EP",,"ALB","ALBACORE","608"
"1986","P","EP",,"ALB","ALBACORE","86"
"1988","P","EP",,"ALB","ALBACORE","271"
"1987","P","EP",,"ALB","ALBACORE","320"
"1989","P","EP",,"ALB","ALBACORE","21"
"1991","P","EP",,"ALB","ALBACORE","834"
"1990","P","EP",,"ALB","ALBACORE","170"
"1992","P","EP",,"ALB","ALBACORE","255"
"1993","P","EP",,"ALB","ALBACORE","1"
"1994","P","EP",,"ALB","ALBACORE","85"
"1995","P","EP",,"ALB","ALBACORE","465"
"1996","P","EP",,"ALB","ALBACORE","72"
"1997","P","EP",,"ALB","ALBACORE","59"
"1998","P","EP",,"ALB","ALBACORE","81"
"1999","P","EP",,"ALB","ALBACORE","227"
"2000","P","EP",,"ALB","ALBACORE","86"
"2001","P","EP",,"ALB","ALBACORE","157"
"2002","P","EP",,"ALB","ALBACORE","381"
"2003","P","EP",,"ALB","ALBACORE","59"
"2004","P","EP",,"ALB","ALBACORE","126"
"2005","P","EP",,"ALB","ALBACORE","66"
"2006","P","EP",,"ALB","ALBACORE","1"
"2007","P","EP",,"ALB","ALBACORE","21"
"2008","P","EP",,"ALB","ALBACORE","1050"
"2009","P","EP",,"ALB","ALBACORE","2218"
"2020","P","EP",,"BET","BIGEYE TUNA","1"
"1991","P","EP",,"BET","BIGEYE TUNA","31"
"1988","P","EP",,"BET","BIGEYE TUNA","5"
"1985","P","EP",,"BET","BIGEYE TUNA","2"
"1984","P","EP",,"BET","BIGEYE TUNA","2"
"1983","P","EP",,"BET","BIGEYE TUNA","39"
"1982","P","EP",,"BET","BIGEYE TUNA","42"
"1977","P","EP",,"BET","BIGEYE TUNA","2"
"1976","P","EP",,"BET","BIGEYE TUNA","75"
"1975","P","EP",,"BET","BIGEYE TUNA","36"
"1973","P","EP",,"BET","BIGEYE TUNA","236"
"1972","P","EP",,"BET","BIGEYE TUNA","126"
"1971","P","EP",,"BET","BIGEYE TUNA","75"
"1968","P","EP",,"BET","BIGEYE TUNA","115"
"1967","P","EP",,"BET","BIGEYE TUNA","1305"
"1966","P","EP",,"BET","BIGEYE TUNA","292"
"1965","P","EP",,"BET","BIGEYE TUNA","231"
"1964","P","EP",,"BET","BIGEYE TUNA","127"
"1963","P","EP",,"BET","BIGEYE TUNA","140"
"1962","P","EP",,"BET","BIGEYE TUNA","318"
"1961","P","EP",,"BET","BIGEYE TUNA","106"
"2017","S","EP",,"BET","BIGEYE TUNA","66973"
"2019","S","EP",,"BET","BIGEYE TUNA","69224"
"2020","S","EP",,"BET","BIGEYE TUNA","78784"
"2021","S","EP",,"BET","BIGEYE TUNA","57674"
"2022","S","EP",,"BET","BIGEYE TUNA","57674"
"2018","S","EP",,"BET","BIGEYE TUNA","64522"
"2015","S","EP",,"BET","BIGEYE TUNA","62913"
"2016","S","EP",,"BET","BIGEYE TUNA","56731"
"1999","S","EP",,"BET","BIGEYE TUNA","51158"
"2012","S","EP",,"BET","BIGEYE TUNA","66020"
"2013","S","EP",,"BET","BIGEYE TUNA","52524"
"2014","S","EP",,"BET","BIGEYE TUNA","54495"
"2011","S","EP",,"BET","BIGEYE TUNA","56512"
"2010","S","EP",,"BET","BIGEYE TUNA","57753"
"2009","S","EP",,"BET","BIGEYE TUNA","76800"
"2008","S","EP",,"BET","BIGEYE TUNA","75028"
"2007","S","EP",,"BET","BIGEYE TUNA","63451"
"2006","S","EP",,"BET","BIGEYE TUNA","83837"
"2005","S","EP",,"BET","BIGEYE TUNA","67895"
"2004","S","EP",,"BET","BIGEYE TUNA","67592"
"2003","S","EP",,"BET","BIGEYE TUNA","54174"
"2002","S","EP",,"BET","BIGEYE TUNA","57440"
"2001","S","EP",,"BET","BIGEYE TUNA","61156"
"2000","S","EP",,"BET","BIGEYE TUNA","94640"
"1967","S","EP",,"BET","BIGEYE TUNA","1697"
"1968","S","EP",,"BET","BIGEYE TUNA","4618"
"1969","S","EP",,"BET","BIGEYE TUNA","1093"
"1970","S","EP",,"BET","BIGEYE TUNA","2411"
"1971","S","EP",,"BET","BIGEYE TUNA","4359"
"1972","S","EP",,"BET","BIGEYE TUNA","3971"
"1973","S","EP",,"BET","BIGEYE TUNA","3342"
"1974","S","EP",,"BET","BIGEYE TUNA","1554"
"1975","S","EP",,"BET","BIGEYE TUNA","6574"
"1976","S","EP",,"BET","BIGEYE TUNA","17212"
"1977","S","EP",,"BET","BIGEYE TUNA","11161"
"1978","S","EP",,"BET","BIGEYE TUNA","18539"
"1979","S","EP",,"BET","BIGEYE TUNA","12097"
"1980","S","EP",,"BET","BIGEYE TUNA","21938"
"1981","S","EP",,"BET","BIGEYE TUNA","14921"
"1982","S","EP",,"BET","BIGEYE TUNA","6939"
"1983","S","EP",,"BET","BIGEYE TUNA","4575"
"1984","S","EP",,"BET","BIGEYE TUNA","8861"
"1985","S","EP",,"BET","BIGEYE TUNA","6056"
"1986","S","EP",,"BET","BIGEYE TUNA","2686"
"1987","S","EP",,"BET","BIGEYE TUNA","1177"
"1988","S","EP",,"BET","BIGEYE TUNA","1535"
"1989","S","EP",,"BET","BIGEYE TUNA","2030"
"1990","S","EP",,"BET","BIGEYE TUNA","5921"
"1991","S","EP",,"BET","BIGEYE TUNA","4870"
"1992","S","EP",,"BET","BIGEYE TUNA","7179"
"1993","S","EP",,"BET","BIGEYE TUNA","9657"
"1994","S","EP",,"BET","BIGEYE TUNA","34899"
"1995","S","EP",,"BET","BIGEYE TUNA","45321"
"1996","S","EP",,"BET","BIGEYE TUNA","61311"
"1997","S","EP",,"BET","BIGEYE TUNA","64272"
"1998","S","EP",,"BET","BIGEYE TUNA","44129"
"2022","L","EP",,"BET","BIGEYE TUNA","20684"
"2023","S","EP",,"BET","BIGEYE TUNA","57674"
"2021","L","EP",,"BET","BIGEYE TUNA","21968"
"2020","L","EP",,"BET","BIGEYE TUNA","25964"
"2019","L","EP",,"BET","BIGEYE TUNA","27786"
"2018","L","EP",,"BET","BIGEYE TUNA","29786"
"2017","L","EP",,"BET","BIGEYE TUNA","35650"
"2016","L","EP",,"BET","BIGEYE TUNA","35656"
"1959","S","EP",,"BET","BIGEYE TUNA","1"
"1960","S","EP",,"BET","BIGEYE TUNA","24"
"1961","S","EP",,"BET","BIGEYE TUNA","105"
"1962","S","EP",,"BET","BIGEYE TUNA","302"
"1966","S","EP",,"BET","BIGEYE TUNA","210"
"2015","L","EP",,"BET","BIGEYE TUNA","41709"
"2014","L","EP",,"BET","BIGEYE TUNA","35355"
"2013","L","EP",,"BET","BIGEYE TUNA","36081"
"2012","L","EP",,"BET","BIGEYE TUNA","35911"
"2011","L","EP",,"BET","BIGEYE TUNA","32318"
"2010","L","EP",,"BET","BIGEYE TUNA","37086"
"2009","L","EP",,"BET","BIGEYE TUNA","31422"
"2008","L","EP",,"BET","BIGEYE TUNA","26207"
"2007","L","EP",,"BET","BIGEYE TUNA","29876"
"2006","L","EP",,"BET","BIGEYE TUNA","31771"
"2005","L","EP",,"BET","BIGEYE TUNA","40694"
"2004","L","EP",,"BET","BIGEYE TUNA","43483"
"2003","L","EP",,"BET","BIGEYE TUNA","59776"
"2002","L","EP",,"BET","BIGEYE TUNA","74424"
"2001","L","EP",,"BET","BIGEYE TUNA","68755"
"2000","L","EP",,"BET","BIGEYE TUNA","47605"
"1999","L","EP",,"BET","BIGEYE TUNA","36450"
"1998","L","EP",,"BET","BIGEYE TUNA","46375"
"1997","L","EP",,"BET","BIGEYE TUNA","52580"
"1996","L","EP",,"BET","BIGEYE TUNA","46958"
"1995","L","EP",,"BET","BIGEYE TUNA","58269"
"1994","L","EP",,"BET","BIGEYE TUNA","71360"
"1993","L","EP",,"BET","BIGEYE TUNA","72498"
"1992","L","EP",,"BET","BIGEYE TUNA","84808"
"1991","L","EP",,"BET","BIGEYE TUNA","104195"
"1990","L","EP",,"BET","BIGEYE TUNA","98871"
"1989","L","EP",,"BET","BIGEYE TUNA","70963"
"1988","L","EP",,"BET","BIGEYE TUNA","72758"
"1987","L","EP",,"BET","BIGEYE TUNA","100121"
"1986","L","EP",,"BET","BIGEYE TUNA","102425"
"1985","L","EP",,"BET","BIGEYE TUNA","66325"
"1984","L","EP",,"BET","BIGEYE TUNA","46394"
"1983","L","EP",,"BET","BIGEYE TUNA","60043"
"1982","L","EP",,"BET","BIGEYE TUNA","53365"
"1981","L","EP",,"BET","BIGEYE TUNA","53416"
"1980","L","EP",,"BET","BIGEYE TUNA","64335"
"1979","L","EP",,"BET","BIGEYE TUNA","55435"
"1978","L","EP",,"BET","BIGEYE TUNA","70659"
"1977","L","EP",,"BET","BIGEYE TUNA","74086"
"1976","L","EP",,"BET","BIGEYE TUNA","54290"
"1975","L","EP",,"BET","BIGEYE TUNA","41733"
"1974","L","EP",,"BET","BIGEYE TUNA","36961"
"1973","L","EP",,"BET","BIGEYE TUNA","50777"
"1972","L","EP",,"BET","BIGEYE TUNA","36128"
"1971","L","EP",,"BET","BIGEYE TUNA","29804"
"1970","L","EP",,"BET","BIGEYE TUNA","33341"
"1969","L","EP",,"BET","BIGEYE TUNA","52071"
"1968","L","EP",,"BET","BIGEYE TUNA","35233"
"1967","L","EP",,"BET","BIGEYE TUNA","35878"
"1966","L","EP",,"BET","BIGEYE TUNA","34800"
"1965","L","EP",,"BET","BIGEYE TUNA","29164"
"1964","L","EP",,"BET","BIGEYE TUNA","46279"
"1963","L","EP",,"BET","BIGEYE TUNA","66617"
"1962","L","EP",,"BET","BIGEYE TUNA","45050"
"1961","L","EP",,"BET","BIGEYE TUNA","52431"
"1960","L","EP",,"BET","BIGEYE TUNA","17722"
"1959","L","EP",,"BET","BIGEYE TUNA","11515"
"1958","L","EP",,"BET","BIGEYE TUNA","10592"
"1957","L","EP",,"BET","BIGEYE TUNA","9698"
"1956","L","EP",,"BET","BIGEYE TUNA","2408"
"1955","L","EP",,"BET","BIGEYE TUNA","1810"
"2022","T","EP",,"BET","BIGEYE TUNA","1"
"1954","L","EP",,"BET","BIGEYE TUNA","1610"
"2022","O","EP",,"BET","BIGEYE TUNA","5"
"2021","O","EP",,"BET","BIGEYE TUNA","5"
"2021","T","EP",,"BET","BIGEYE TUNA","1"
"2023","L","EP",,"BET","BIGEYE TUNA","20684"
"2020","O","EP",,"BET","BIGEYE TUNA","44"
"2019","O","EP",,"BET","BIGEYE TUNA","18"
"2018","O","EP",,"BET","BIGEYE TUNA","18"
"2017","O","EP",,"BET","BIGEYE TUNA","42"
"2016","O","EP",,"BET","BIGEYE TUNA","22"
"2015","O","EP",,"BET","BIGEYE TUNA","21"
"2014","O","EP",,"BET","BIGEYE TUNA","17"
"2013","O","EP",,"BET","BIGEYE TUNA","17"
"2012","O","EP",,"BET","BIGEYE TUNA","8"
"2010","O","EP",,"BET","BIGEYE TUNA","1804"
"2009","O","EP",,"BET","BIGEYE TUNA","15"
"2007","O","EP",,"BET","BIGEYE TUNA","44"
"2006","O","EP",,"BET","BIGEYE TUNA","40"
"2005","O","EP",,"BET","BIGEYE TUNA","25"
"2004","O","EP",,"BET","BIGEYE TUNA","194"
"2008","O","EP",,"BET","BIGEYE TUNA","28"
"2003","O","EP",,"BET","BIGEYE TUNA","21"
"2002","O","EP",,"BET","BIGEYE TUNA","12"
"2001","O","EP",,"BET","BIGEYE TUNA","19"
"2000","O","EP",,"BET","BIGEYE TUNA","253"
"1999","O","EP",,"BET","BIGEYE TUNA","538"
"1998","O","EP",,"BET","BIGEYE TUNA","628"
"1997","O","EP",,"BET","BIGEYE TUNA","20"
"1996","O","EP",,"BET","BIGEYE TUNA","748"
"1995","O","EP",,"BET","BIGEYE TUNA","1369"
"1994","O","EP",,"BET","BIGEYE TUNA","806"
"1993","O","EP",,"BET","BIGEYE TUNA","35"
"1992","O","EP",,"BET","BIGEYE TUNA","13"
"1991","O","EP",,"BET","BIGEYE TUNA","25"
"1990","O","EP",,"BET","BIGEYE TUNA","59"
"1989","O","EP",,"BET","BIGEYE TUNA","1"
"1988","O","EP",,"BET","BIGEYE TUNA","15"
"1987","O","EP",,"BET","BIGEYE TUNA","49"
"1986","O","EP",,"BET","BIGEYE TUNA","74"
"1985","O","EP",,"BET","BIGEYE TUNA","15"
"1984","O","EP",,"BET","BIGEYE TUNA","11"
"1983","O","EP",,"BET","BIGEYE TUNA","37"
"1982","O","EP",,"BET","BIGEYE TUNA","3"
"1981","O","EP",,"BET","BIGEYE TUNA","7"
"1980","O","EP",,"BET","BIGEYE TUNA","130"
"1979","O","EP",,"BET","BIGEYE TUNA","1"
"1976","O","EP",,"BET","BIGEYE TUNA","7"
"1971","O","EP",,"BET","BIGEYE TUNA","18"
"2023","O","EP",,"BET","BIGEYE TUNA","5"
"2023","T","EP",,"BET","BIGEYE TUNA","1"
"2023","T","EP",,"SKJ","SKIPJACK TUNA","2"
"2023","O","EP",,"SKJ","SKIPJACK TUNA","9"
"1950","O","EP",,"SKJ","SKIPJACK TUNA","1299"
"1951","O","EP",,"SKJ","SKIPJACK TUNA","1109"
"1957","O","EP",,"SKJ","SKIPJACK TUNA","13"
"1955","O","EP",,"SKJ","SKIPJACK TUNA","2"
"1954","O","EP",,"SKJ","SKIPJACK TUNA","2"
"1952","O","EP",,"SKJ","SKIPJACK TUNA","905"
"1965","O","EP",,"SKJ","SKIPJACK TUNA","1046"
"1964","O","EP",,"SKJ","SKIPJACK TUNA","3609"
"1963","O","EP",,"SKJ","SKIPJACK TUNA","2389"
"1962","O","EP",,"SKJ","SKIPJACK TUNA","503"
"1961","O","EP",,"SKJ","SKIPJACK TUNA","428"
"1960","O","EP",,"SKJ","SKIPJACK TUNA","481"
"1958","O","EP",,"SKJ","SKIPJACK TUNA","31"
"1959","O","EP",,"SKJ","SKIPJACK TUNA","915"
"1971","O","EP",,"SKJ","SKIPJACK TUNA","6702"
"1972","O","EP",,"SKJ","SKIPJACK TUNA","1144"
"1970","O","EP",,"SKJ","SKIPJACK TUNA","7234"
"1969","O","EP",,"SKJ","SKIPJACK TUNA","11904"
"1968","O","EP",,"SKJ","SKIPJACK TUNA","10128"
"1967","O","EP",,"SKJ","SKIPJACK TUNA","5038"
"1966","O","EP",,"SKJ","SKIPJACK TUNA","1960"
"1976","O","EP",,"SKJ","SKIPJACK TUNA","705"
"1974","O","EP",,"SKJ","SKIPJACK TUNA","510"
"1973","O","EP",,"SKJ","SKIPJACK TUNA","638"
"1979","O","EP",,"SKJ","SKIPJACK TUNA","1462"
"1977","O","EP",,"SKJ","SKIPJACK TUNA","1960"
"1975","O","EP",,"SKJ","SKIPJACK TUNA","526"
"1980","O","EP",,"SKJ","SKIPJACK TUNA","1965"
"1981","O","EP",,"SKJ","SKIPJACK TUNA","930"
"1982","O","EP",,"SKJ","SKIPJACK TUNA","410"
"1983","O","EP",,"SKJ","SKIPJACK TUNA","737"
"1984","O","EP",,"SKJ","SKIPJACK TUNA","868"
"1985","O","EP",,"SKJ","SKIPJACK TUNA","227"
"1986","O","EP",,"SKJ","SKIPJACK TUNA","190"
"1987","O","EP",,"SKJ","SKIPJACK TUNA","214"
"1988","O","EP",,"SKJ","SKIPJACK TUNA","689"
"1989","O","EP",,"SKJ","SKIPJACK TUNA","1047"
"1990","O","EP",,"SKJ","SKIPJACK TUNA","1915"
"1991","O","EP",,"SKJ","SKIPJACK TUNA","1945"
"1992","O","EP",,"SKJ","SKIPJACK TUNA","1054"
"1993","O","EP",,"SKJ","SKIPJACK TUNA","2317"
"1994","O","EP",,"SKJ","SKIPJACK TUNA","804"
"1995","O","EP",,"SKJ","SKIPJACK TUNA","1988"
"1996","O","EP",,"SKJ","SKIPJACK TUNA","1313"
"1997","O","EP",,"SKJ","SKIPJACK TUNA","231"
"1998","O","EP",,"SKJ","SKIPJACK TUNA","531"
"1999","O","EP",,"SKJ","SKIPJACK TUNA","1594"
"2000","O","EP",,"SKJ","SKIPJACK TUNA","67"
"2001","O","EP",,"SKJ","SKIPJACK TUNA","34"
"2002","O","EP",,"SKJ","SKIPJACK TUNA","119"
"2003","O","EP",,"SKJ","SKIPJACK TUNA","2777"
"2008","O","EP",,"SKJ","SKIPJACK TUNA","1163"
"2004","O","EP",,"SKJ","SKIPJACK TUNA","1105"
"2005","O","EP",,"SKJ","SKIPJACK TUNA","1780"
"2006","O","EP",,"SKJ","SKIPJACK TUNA","986"
"2007","O","EP",,"SKJ","SKIPJACK TUNA","1065"
"2009","O","EP",,"SKJ","SKIPJACK TUNA","1112"
"2010","O","EP",,"SKJ","SKIPJACK TUNA","2964"
"2012","O","EP",,"SKJ","SKIPJACK TUNA","1040"
"2011","O","EP",,"SKJ","SKIPJACK TUNA","851"
"2013","O","EP",,"SKJ","SKIPJACK TUNA","774"
"2014","O","EP",,"SKJ","SKIPJACK TUNA","774"
"2015","O","EP",,"SKJ","SKIPJACK TUNA","1256"
"2016","O","EP",,"SKJ","SKIPJACK TUNA","717"
"2017","O","EP",,"SKJ","SKIPJACK TUNA","879"
"2018","O","EP",,"SKJ","SKIPJACK TUNA","407"
"2019","O","EP",,"SKJ","SKIPJACK TUNA","408"
"2020","O","EP",,"SKJ","SKIPJACK TUNA","362"
"2023","L","EP",,"SKJ","SKIPJACK TUNA","199"
"2021","T","EP",,"SKJ","SKIPJACK TUNA","2"
"1978","O","EP",,"SKJ","SKIPJACK TUNA","1324"
"2021","O","EP",,"SKJ","SKIPJACK TUNA","9"
"2022","O","EP",,"SKJ","SKIPJACK TUNA","9"
"1954","L","EP",,"SKJ","SKIPJACK TUNA","1"
"2022","T","EP",,"SKJ","SKIPJACK TUNA","2"
"1955","L","EP",,"SKJ","SKIPJACK TUNA","2"
"1957","L","EP",,"SKJ","SKIPJACK TUNA","13"
"1958","L","EP",,"SKJ","SKIPJACK TUNA","31"
"1959","L","EP",,"SKJ","SKIPJACK TUNA","32"
"1960","L","EP",,"SKJ","SKIPJACK TUNA","28"
"1961","L","EP",,"SKJ","SKIPJACK TUNA","46"
"1962","L","EP",,"SKJ","SKIPJACK TUNA","45"
"1963","L","EP",,"SKJ","SKIPJACK TUNA","185"
"1964","L","EP",,"SKJ","SKIPJACK TUNA","102"
"1965","L","EP",,"SKJ","SKIPJACK TUNA","252"
"1966","L","EP",,"SKJ","SKIPJACK TUNA","241"
"1967","L","EP",,"SKJ","SKIPJACK TUNA","146"
"1968","L","EP",,"SKJ","SKIPJACK TUNA","240"
"1969","L","EP",,"SKJ","SKIPJACK TUNA","227"
"1970","L","EP",,"SKJ","SKIPJACK TUNA","164"
"1971","L","EP",,"SKJ","SKIPJACK TUNA","187"
"1972","L","EP",,"SKJ","SKIPJACK TUNA","242"
"1973","L","EP",,"SKJ","SKIPJACK TUNA","207"
"1974","L","EP",,"SKJ","SKIPJACK TUNA","95"
"1975","L","EP",,"SKJ","SKIPJACK TUNA","94"
"1976","L","EP",,"SKJ","SKIPJACK TUNA","131"
"1977","L","EP",,"SKJ","SKIPJACK TUNA","112"
"1978","L","EP",,"SKJ","SKIPJACK TUNA","61"
"1979","L","EP",,"SKJ","SKIPJACK TUNA","33"
"1980","L","EP",,"SKJ","SKIPJACK TUNA","26"
"1981","L","EP",,"SKJ","SKIPJACK TUNA","20"
"1982","L","EP",,"SKJ","SKIPJACK TUNA","28"
"1983","L","EP",,"SKJ","SKIPJACK TUNA","28"
"1984","L","EP",,"SKJ","SKIPJACK TUNA","32"
"1985","L","EP",,"SKJ","SKIPJACK TUNA","44"
"1986","L","EP",,"SKJ","SKIPJACK TUNA","58"
"1987","L","EP",,"SKJ","SKIPJACK TUNA","37"
"1988","L","EP",,"SKJ","SKIPJACK TUNA","26"
"1989","L","EP",,"SKJ","SKIPJACK TUNA","28"
"1990","L","EP",,"SKJ","SKIPJACK TUNA","41"
"1991","L","EP",,"SKJ","SKIPJACK TUNA","36"
"1992","L","EP",,"SKJ","SKIPJACK TUNA","24"
"1993","L","EP",,"SKJ","SKIPJACK TUNA","61"
"1994","L","EP",,"SKJ","SKIPJACK TUNA","73"
"1995","L","EP",,"SKJ","SKIPJACK TUNA","77"
"1996","L","EP",,"SKJ","SKIPJACK TUNA","52"
"1997","L","EP",,"SKJ","SKIPJACK TUNA","135"
"1998","L","EP",,"SKJ","SKIPJACK TUNA","294"
"1999","L","EP",,"SKJ","SKIPJACK TUNA","201"
"2000","L","EP",,"SKJ","SKIPJACK TUNA","68"
"2001","L","EP",,"SKJ","SKIPJACK TUNA","1214"
"2002","L","EP",,"SKJ","SKIPJACK TUNA","261"
"2003","L","EP",,"SKJ","SKIPJACK TUNA","634"
"2004","L","EP",,"SKJ","SKIPJACK TUNA","713"
"2005","L","EP",,"SKJ","SKIPJACK TUNA","231"
"2006","L","EP",,"SKJ","SKIPJACK TUNA","224"
"2007","L","EP",,"SKJ","SKIPJACK TUNA","238"
"2008","L","EP",,"SKJ","SKIPJACK TUNA","1185"
"2009","L","EP",,"SKJ","SKIPJACK TUNA","1584"
"2010","L","EP",,"SKJ","SKIPJACK TUNA","1815"
"2011","L","EP",,"SKJ","SKIPJACK TUNA","1385"
"2012","L","EP",,"SKJ","SKIPJACK TUNA","2381"
"2013","L","EP",,"SKJ","SKIPJACK TUNA","2027"
"2014","L","EP",,"SKJ","SKIPJACK TUNA","195"
"2015","L","EP",,"SKJ","SKIPJACK TUNA","188"
"1966","S","EP",,"SKJ","SKIPJACK TUNA","50264"
"1965","S","EP",,"SKJ","SKIPJACK TUNA","64056"
"1963","S","EP",,"SKJ","SKIPJACK TUNA","82404"
"1964","S","EP",,"SKJ","SKIPJACK TUNA","51759"
"1962","S","EP",,"SKJ","SKIPJACK TUNA","58939"
"1961","S","EP",,"SKJ","SKIPJACK TUNA","45706"
"1960","S","EP",,"SKJ","SKIPJACK TUNA","16649"
"1959","S","EP",,"SKJ","SKIPJACK TUNA","17957"
"1951","S","EP",,"SKJ","SKIPJACK TUNA","5790"
"1952","S","EP",,"SKJ","SKIPJACK TUNA","4806"
"1953","S","EP",,"SKJ","SKIPJACK TUNA","5171"
"1954","S","EP",,"SKJ","SKIPJACK TUNA","8519"
"1955","S","EP",,"SKJ","SKIPJACK TUNA","6503"
"1956","S","EP",,"SKJ","SKIPJACK TUNA","3204"
"1957","S","EP",,"SKJ","SKIPJACK TUNA","873"
"1958","S","EP",,"SKJ","SKIPJACK TUNA","5481"
"2016","L","EP",,"SKJ","SKIPJACK TUNA","213"
"2017","L","EP",,"SKJ","SKIPJACK TUNA","186"
"2018","L","EP",,"SKJ","SKIPJACK TUNA","1221"
"2019","L","EP",,"SKJ","SKIPJACK TUNA","263"
"2020","L","EP",,"SKJ","SKIPJACK TUNA","268"
"2021","L","EP",,"SKJ","SKIPJACK TUNA","227"
"2023","S","EP",,"SKJ","SKIPJACK TUNA","325020"
"1950","S","EP",,"SKJ","SKIPJACK TUNA","5741"
"2022","L","EP",,"SKJ","SKIPJACK TUNA","199"
"1998","S","EP",,"SKJ","SKIPJACK TUNA","140631"
"1997","S","EP",,"SKJ","SKIPJACK TUNA","153456"
"1996","S","EP",,"SKJ","SKIPJACK TUNA","103973"
"1995","S","EP",,"SKJ","SKIPJACK TUNA","127047"
"1994","S","EP",,"SKJ","SKIPJACK TUNA","70126"
"1993","S","EP",,"SKJ","SKIPJACK TUNA","83830"
"1992","S","EP",,"SKJ","SKIPJACK TUNA","84283"
"1991","S","EP",,"SKJ","SKIPJACK TUNA","62228"
"1990","S","EP",,"SKJ","SKIPJACK TUNA","74369"
"1989","S","EP",,"SKJ","SKIPJACK TUNA","94934"
"1988","S","EP",,"SKJ","SKIPJACK TUNA","87113"
"1987","S","EP",,"SKJ","SKIPJACK TUNA","64019"
"1986","S","EP",,"SKJ","SKIPJACK TUNA","65634"
"1985","S","EP",,"SKJ","SKIPJACK TUNA","50829"
"1984","S","EP",,"SKJ","SKIPJACK TUNA","59859"
"1983","S","EP",,"SKJ","SKIPJACK TUNA","56851"
"1982","S","EP",,"SKJ","SKIPJACK TUNA","100499"
"1981","S","EP",,"SKJ","SKIPJACK TUNA","119165"
"1980","S","EP",,"SKJ","SKIPJACK TUNA","130912"
"1979","S","EP",,"SKJ","SKIPJACK TUNA","133695"
"1978","S","EP",,"SKJ","SKIPJACK TUNA","172294"
"1977","S","EP",,"SKJ","SKIPJACK TUNA","84603"
"1976","S","EP",,"SKJ","SKIPJACK TUNA","124957"
"1975","S","EP",,"SKJ","SKIPJACK TUNA","120358"
"1974","S","EP",,"SKJ","SKIPJACK TUNA","79418"
"1973","S","EP",,"SKJ","SKIPJACK TUNA","39247"
"1972","S","EP",,"SKJ","SKIPJACK TUNA","29804"
"1971","S","EP",,"SKJ","SKIPJACK TUNA","94502"
"1970","S","EP",,"SKJ","SKIPJACK TUNA","47466"
"1969","S","EP",,"SKJ","SKIPJACK TUNA","46020"
"1968","S","EP",,"SKJ","SKIPJACK TUNA","59642"
"1967","S","EP",,"SKJ","SKIPJACK TUNA","104928"
"2000","S","EP",,"SKJ","SKIPJACK TUNA","204307"
"2001","S","EP",,"SKJ","SKIPJACK TUNA","143561"
"2002","S","EP",,"SKJ","SKIPJACK TUNA","153303"
"2003","S","EP",,"SKJ","SKIPJACK TUNA","274529"
"2004","S","EP",,"SKJ","SKIPJACK TUNA","198664"
"2005","S","EP",,"SKJ","SKIPJACK TUNA","263229"
"2006","S","EP",,"SKJ","SKIPJACK TUNA","296269"
"2007","S","EP",,"SKJ","SKIPJACK TUNA","208296"
"2008","S","EP",,"SKJ","SKIPJACK TUNA","296603"
"2009","S","EP",,"SKJ","SKIPJACK TUNA","230527"
"2010","S","EP",,"SKJ","SKIPJACK TUNA","147192"
"2011","S","EP",,"SKJ","SKIPJACK TUNA","276035"
"2014","S","EP",,"SKJ","SKIPJACK TUNA","261977"
"2013","S","EP",,"SKJ","SKIPJACK TUNA","272500"
"2012","S","EP",,"SKJ","SKIPJACK TUNA","266215"
"1999","S","EP",,"SKJ","SKIPJACK TUNA","261565"
"2016","S","EP",,"SKJ","SKIPJACK TUNA","337562"
"2015","S","EP",,"SKJ","SKIPJACK TUNA","328907"
"2018","S","EP",,"SKJ","SKIPJACK TUNA","288820"
"2022","S","EP",,"SKJ","SKIPJACK TUNA","325020"
"1950","P","EP",,"SKJ","SKIPJACK TUNA","49534"
"1951","P","EP",,"SKJ","SKIPJACK TUNA","45617"
"1952","P","EP",,"SKJ","SKIPJACK TUNA","32724"
"2021","S","EP",,"SKJ","SKIPJACK TUNA","325020"
"2020","S","EP",,"SKJ","SKIPJACK TUNA","295961"
"2019","S","EP",,"SKJ","SKIPJACK TUNA","347405"
"2017","S","EP",,"SKJ","SKIPJACK TUNA","324759"
"1960","P","EP",,"SKJ","SKIPJACK TUNA","28929"
"1959","P","EP",,"SKJ","SKIPJACK TUNA","60853"
"1957","P","EP",,"SKJ","SKIPJACK TUNA","54414"
"1958","P","EP",,"SKJ","SKIPJACK TUNA","67594"
"1953","P","EP",,"SKJ","SKIPJACK TUNA","50812"
"1954","P","EP",,"SKJ","SKIPJACK TUNA","61221"
"1955","P","EP",,"SKJ","SKIPJACK TUNA","51558"
"1956","P","EP",,"SKJ","SKIPJACK TUNA","64971"
"1961","P","EP",,"SKJ","SKIPJACK TUNA","28995"
"1962","P","EP",,"SKJ","SKIPJACK TUNA","17660"
"1963","P","EP",,"SKJ","SKIPJACK TUNA","17138"
"1964","P","EP",,"SKJ","SKIPJACK TUNA","10306"
"1965","P","EP",,"SKJ","SKIPJACK TUNA","19867"
"1966","P","EP",,"SKJ","SKIPJACK TUNA","14083"
"1967","P","EP",,"SKJ","SKIPJACK TUNA","18016"
"1968","P","EP",,"SKJ","SKIPJACK TUNA","7340"
"1971","P","EP",,"SKJ","SKIPJACK TUNA","11679"
"1970","P","EP",,"SKJ","SKIPJACK TUNA","7470"
"1969","P","EP",,"SKJ","SKIPJACK TUNA","6970"
"1972","P","EP",,"SKJ","SKIPJACK TUNA","6556"
"1973","P","EP",,"SKJ","SKIPJACK TUNA","9135"
"1975","P","EP",,"SKJ","SKIPJACK TUNA","13848"
"1976","P","EP",,"SKJ","SKIPJACK TUNA","11256"
"1977","P","EP",,"SKJ","SKIPJACK TUNA","7522"
"1978","P","EP",,"SKJ","SKIPJACK TUNA","6047"
"1974","P","EP",,"SKJ","SKIPJACK TUNA","7629"
"1982","P","EP",,"SKJ","SKIPJACK TUNA","3760"
"1980","P","EP",,"SKJ","SKIPJACK TUNA","5225"
"1979","P","EP",,"SKJ","SKIPJACK TUNA","6346"
"1983","P","EP",,"SKJ","SKIPJACK TUNA","4387"
"1984","P","EP",,"SKJ","SKIPJACK TUNA","2884"
"1985","P","EP",,"SKJ","SKIPJACK TUNA","946"
"1986","P","EP",,"SKJ","SKIPJACK TUNA","1921"
"1981","P","EP",,"SKJ","SKIPJACK TUNA","5906"
"1988","P","EP",,"SKJ","SKIPJACK TUNA","4325"
"1989","P","EP",,"SKJ","SKIPJACK TUNA","2940"
"1987","P","EP",,"SKJ","SKIPJACK TUNA","2233"
"1991","P","EP",,"SKJ","SKIPJACK TUNA","1717"
"1992","P","EP",,"SKJ","SKIPJACK TUNA","1957"
"1990","P","EP",,"SKJ","SKIPJACK TUNA","823"
"1996","P","EP",,"SKJ","SKIPJACK TUNA","2555"
"1995","P","EP",,"SKJ","SKIPJACK TUNA","5253"
"1994","P","EP",,"SKJ","SKIPJACK TUNA","3240"
"1993","P","EP",,"SKJ","SKIPJACK TUNA","3772"
"2004","P","EP",,"SKJ","SKIPJACK TUNA","528"
"2003","P","EP",,"SKJ","SKIPJACK TUNA","638"
"2002","P","EP",,"SKJ","SKIPJACK TUNA","616"
"2001","P","EP",,"SKJ","SKIPJACK TUNA","448"
"2000","P","EP",,"SKJ","SKIPJACK TUNA","231"
"1999","P","EP",,"SKJ","SKIPJACK TUNA","2044"
"1998","P","EP",,"SKJ","SKIPJACK TUNA","1684"
"1997","P","EP",,"SKJ","SKIPJACK TUNA","3260"
"2020","P","EP",,"SKJ","SKIPJACK TUNA","2"
"2013","P","EP",,"SKJ","SKIPJACK TUNA","167"
"2014","P","EP",,"SKJ","SKIPJACK TUNA","167"
"2015","P","EP",,"SKJ","SKIPJACK TUNA","1"
"2009","P","EP",,"SKJ","SKIPJACK TUNA","151"
"2010","P","EP",,"SKJ","SKIPJACK TUNA","47"
"2011","P","EP",,"SKJ","SKIPJACK TUNA","24"
"2012","P","EP",,"SKJ","SKIPJACK TUNA","303"
"2008","P","EP",,"SKJ","SKIPJACK TUNA","501"
"2007","P","EP",,"SKJ","SKIPJACK TUNA","276"
"2006","P","EP",,"SKJ","SKIPJACK TUNA","435"
"2005","P","EP",,"SKJ","SKIPJACK TUNA","1300"
"2005","P","EP",,"YFT","YELLOWFIN TUNA","1821"
"2006","P","EP",,"YFT","YELLOWFIN TUNA","686"
"2007","P","EP",,"YFT","YELLOWFIN TUNA","894"
"2008","P","EP",,"YFT","YELLOWFIN TUNA","812"
"2012","P","EP",,"YFT","YELLOWFIN TUNA","400"
"2011","P","EP",,"YFT","YELLOWFIN TUNA","276"
"2010","P","EP",,"YFT","YELLOWFIN TUNA","460"
"2009","P","EP",,"YFT","YELLOWFIN TUNA","709"
"2015","P","EP",,"YFT","YELLOWFIN TUNA","15"
"2016","P","EP",,"YFT","YELLOWFIN TUNA","5"
"2017","P","EP",,"YFT","YELLOWFIN TUNA","4"
"2014","P","EP",,"YFT","YELLOWFIN TUNA","754"
"2013","P","EP",,"YFT","YELLOWFIN TUNA","754"
"2020","P","EP",,"YFT","YELLOWFIN TUNA","3"
"1997","P","EP",,"YFT","YELLOWFIN TUNA","4418"
"1998","P","EP",,"YFT","YELLOWFIN TUNA","5085"
"1999","P","EP",,"YFT","YELLOWFIN TUNA","1783"
"2000","P","EP",,"YFT","YELLOWFIN TUNA","2431"
"2001","P","EP",,"YFT","YELLOWFIN TUNA","3916"
"2002","P","EP",,"YFT","YELLOWFIN TUNA","950"
"2003","P","EP",,"YFT","YELLOWFIN TUNA","470"
"2004","P","EP",,"YFT","YELLOWFIN TUNA","1884"
"1993","P","EP",,"YFT","YELLOWFIN TUNA","4951"
"1994","P","EP",,"YFT","YELLOWFIN TUNA","3625"
"1995","P","EP",,"YFT","YELLOWFIN TUNA","1268"
"1996","P","EP",,"YFT","YELLOWFIN TUNA","3762"
"1990","P","EP",,"YFT","YELLOWFIN TUNA","2676"
"1992","P","EP",,"YFT","YELLOWFIN TUNA","3789"
"1991","P","EP",,"YFT","YELLOWFIN TUNA","2856"
"1987","P","EP",,"YFT","YELLOWFIN TUNA","5107"
"1989","P","EP",,"YFT","YELLOWFIN TUNA","4145"
"1988","P","EP",,"YFT","YELLOWFIN TUNA","3723"
"1981","P","EP",,"YFT","YELLOWFIN TUNA","1477"
"1986","P","EP",,"YFT","YELLOWFIN TUNA","2537"
"1985","P","EP",,"YFT","YELLOWFIN TUNA","1070"
"1984","P","EP",,"YFT","YELLOWFIN TUNA","2991"
"1983","P","EP",,"YFT","YELLOWFIN TUNA","4007"
"1979","P","EP",,"YFT","YELLOWFIN TUNA","4789"
"1980","P","EP",,"YFT","YELLOWFIN TUNA","1481"
"1982","P","EP",,"YFT","YELLOWFIN TUNA","1538"
"1974","P","EP",,"YFT","YELLOWFIN TUNA","8188"
"1978","P","EP",,"YFT","YELLOWFIN TUNA","3888"
"1977","P","EP",,"YFT","YELLOWFIN TUNA","1841"
"1976","P","EP",,"YFT","YELLOWFIN TUNA","3280"
"1975","P","EP",,"YFT","YELLOWFIN TUNA","5629"
"1973","P","EP",,"YFT","YELLOWFIN TUNA","3933"
"1972","P","EP",,"YFT","YELLOWFIN TUNA","6060"
"1969","P","EP",,"YFT","YELLOWFIN TUNA","7195"
"1970","P","EP",,"YFT","YELLOWFIN TUNA","4260"
"1971","P","EP",,"YFT","YELLOWFIN TUNA","5300"
"1968","P","EP",,"YFT","YELLOWFIN TUNA","4307"
"1967","P","EP",,"YFT","YELLOWFIN TUNA","4512"
"1966","P","EP",,"YFT","YELLOWFIN TUNA","5302"
"1965","P","EP",,"YFT","YELLOWFIN TUNA","6983"
"1964","P","EP",,"YFT","YELLOWFIN TUNA","3989"
"1963","P","EP",,"YFT","YELLOWFIN TUNA","7041"
"1962","P","EP",,"YFT","YELLOWFIN TUNA","11052"
"1961","P","EP",,"YFT","YELLOWFIN TUNA","15220"
"1956","P","EP",,"YFT","YELLOWFIN TUNA","58828"
"1955","P","EP",,"YFT","YELLOWFIN TUNA","50811"
"1954","P","EP",,"YFT","YELLOWFIN TUNA","46541"
"1953","P","EP",,"YFT","YELLOWFIN TUNA","43920"
"1958","P","EP",,"YFT","YELLOWFIN TUNA","46776"
"1957","P","EP",,"YFT","YELLOWFIN TUNA","58402"
"1959","P","EP",,"YFT","YELLOWFIN TUNA","27441"
"1960","P","EP",,"YFT","YELLOWFIN TUNA","22151"
"2017","S","EP",,"YFT","YELLOWFIN TUNA","210981"
"2019","S","EP",,"YFT","YELLOWFIN TUNA","228313"
"2020","S","EP",,"YFT","YELLOWFIN TUNA","218749"
"2021","S","EP",,"YFT","YELLOWFIN TUNA","253484"
"1952","P","EP",,"YFT","YELLOWFIN TUNA","66108"
"1951","P","EP",,"YFT","YELLOWFIN TUNA","65499"
"1950","P","EP",,"YFT","YELLOWFIN TUNA","65921"
"2022","S","EP",,"YFT","YELLOWFIN TUNA","253484"
"2018","S","EP",,"YFT","YELLOWFIN TUNA","238981"
"2015","S","EP",,"YFT","YELLOWFIN TUNA","245727"
"2016","S","EP",,"YFT","YELLOWFIN TUNA","242118"
"1999","S","EP",,"YFT","YELLOWFIN TUNA","281920"
"2012","S","EP",,"YFT","YELLOWFIN TUNA","198017"
"2013","S","EP",,"YFT","YELLOWFIN TUNA","220038"
"2014","S","EP",,"YFT","YELLOWFIN TUNA","241158"
"2011","S","EP",,"YFT","YELLOWFIN TUNA","206851"
"2010","S","EP",,"YFT","YELLOWFIN TUNA","251008"
"2009","S","EP",,"YFT","YELLOWFIN TUNA","236771"
"2008","S","EP",,"YFT","YELLOWFIN TUNA","185057"
"2007","S","EP",,"YFT","YELLOWFIN TUNA","170016"
"2006","S","EP",,"YFT","YELLOWFIN TUNA","166629"
"2005","S","EP",,"YFT","YELLOWFIN TUNA","268102"
"2004","S","EP",,"YFT","YELLOWFIN TUNA","269597"
"2003","S","EP",,"YFT","YELLOWFIN TUNA","381107"
"2002","S","EP",,"YFT","YELLOWFIN TUNA","412507"
"2001","S","EP",,"YFT","YELLOWFIN TUNA","382702"
"2000","S","EP",,"YFT","YELLOWFIN TUNA","255231"
"1967","S","EP",,"YFT","YELLOWFIN TUNA","65442"
"1968","S","EP",,"YFT","YELLOWFIN TUNA","86542"
"1969","S","EP",,"YFT","YELLOWFIN TUNA","113665"
"1970","S","EP",,"YFT","YELLOWFIN TUNA","139385"
"1971","S","EP",,"YFT","YELLOWFIN TUNA","104863"
"1972","S","EP",,"YFT","YELLOWFIN TUNA","164297"
"1973","S","EP",,"YFT","YELLOWFIN TUNA","194200"
"1974","S","EP",,"YFT","YELLOWFIN TUNA","191626"
"1975","S","EP",,"YFT","YELLOWFIN TUNA","183028"
"1976","S","EP",,"YFT","YELLOWFIN TUNA","215108"
"1977","S","EP",,"YFT","YELLOWFIN TUNA","184922"
"1978","S","EP",,"YFT","YELLOWFIN TUNA","158801"
"1979","S","EP",,"YFT","YELLOWFIN TUNA","170650"
"1980","S","EP",,"YFT","YELLOWFIN TUNA","143042"
"1981","S","EP",,"YFT","YELLOWFIN TUNA","168234"
"1982","S","EP",,"YFT","YELLOWFIN TUNA","114755"
"1983","S","EP",,"YFT","YELLOWFIN TUNA","83929"
"1984","S","EP",,"YFT","YELLOWFIN TUNA","135785"
"1985","S","EP",,"YFT","YELLOWFIN TUNA","211459"
"1986","S","EP",,"YFT","YELLOWFIN TUNA","260512"
"1987","S","EP",,"YFT","YELLOWFIN TUNA","262008"
"1988","S","EP",,"YFT","YELLOWFIN TUNA","277293"
"1989","S","EP",,"YFT","YELLOWFIN TUNA","277996"
"1990","S","EP",,"YFT","YELLOWFIN TUNA","263253"
"1991","S","EP",,"YFT","YELLOWFIN TUNA","231257"
"1992","S","EP",,"YFT","YELLOWFIN TUNA","228121"
"1993","S","EP",,"YFT","YELLOWFIN TUNA","219492"
"1994","S","EP",,"YFT","YELLOWFIN TUNA","208408"
"1995","S","EP",,"YFT","YELLOWFIN TUNA","215434"
"1996","S","EP",,"YFT","YELLOWFIN TUNA","238607"
"1997","S","EP",,"YFT","YELLOWFIN TUNA","244878"
"1998","S","EP",,"YFT","YELLOWFIN TUNA","253959"
"2022","L","EP",,"YFT","YELLOWFIN TUNA","6655"
"1950","S","EP",,"YFT","YELLOWFIN TUNA","15856"
"2023","S","EP",,"YFT","YELLOWFIN TUNA","253484"
"2021","L","EP",,"YFT","YELLOWFIN TUNA","9510"
"2020","L","EP",,"YFT","YELLOWFIN TUNA","11583"
"2019","L","EP",,"YFT","YELLOWFIN TUNA","11917"
"2018","L","EP",,"YFT","YELLOWFIN TUNA","12573"
"2017","L","EP",,"YFT","YELLOWFIN TUNA","10640"
"2016","L","EP",,"YFT","YELLOWFIN TUNA","9803"
"1958","S","EP",,"YFT","YELLOWFIN TUNA","20560"
"1957","S","EP",,"YFT","YELLOWFIN TUNA","15544"
"1956","S","EP",,"YFT","YELLOWFIN TUNA","21470"
"1955","S","EP",,"YFT","YELLOWFIN TUNA","13086"
"1954","S","EP",,"YFT","YELLOWFIN TUNA","7625"
"1953","S","EP",,"YFT","YELLOWFIN TUNA","16121"
"1952","S","EP",,"YFT","YELLOWFIN TUNA","13735"
"1951","S","EP",,"YFT","YELLOWFIN TUNA","6598"
"1959","S","EP",,"YFT","YELLOWFIN TUNA","30050"
"1960","S","EP",,"YFT","YELLOWFIN TUNA","79425"
"1961","S","EP",,"YFT","YELLOWFIN TUNA","80058"
"1962","S","EP",,"YFT","YELLOWFIN TUNA","56271"
"1964","S","EP",,"YFT","YELLOWFIN TUNA","78318"
"1963","S","EP",,"YFT","YELLOWFIN TUNA","48004"
"1965","S","EP",,"YFT","YELLOWFIN TUNA","65348"
"1966","S","EP",,"YFT","YELLOWFIN TUNA","68982"
"2015","L","EP",,"YFT","YELLOWFIN TUNA","10621"
"2014","L","EP",,"YFT","YELLOWFIN TUNA","8649"
"2013","L","EP",,"YFT","YELLOWFIN TUNA","10781"
"2012","L","EP",,"YFT","YELLOWFIN TUNA","12953"
"2011","L","EP",,"YFT","YELLOWFIN TUNA","8048"
"2010","L","EP",,"YFT","YELLOWFIN TUNA","8338"
"2009","L","EP",,"YFT","YELLOWFIN TUNA","10444"
"2008","L","EP",,"YFT","YELLOWFIN TUNA","9820"
"2007","L","EP",,"YFT","YELLOWFIN TUNA","8065"
"2006","L","EP",,"YFT","YELLOWFIN TUNA","10209"
"2005","L","EP",,"YFT","YELLOWFIN TUNA","11946"
"2004","L","EP",,"YFT","YELLOWFIN TUNA","18779"
"2003","L","EP",,"YFT","YELLOWFIN TUNA","25174"
"2002","L","EP",,"YFT","YELLOWFIN TUNA","25531"
"2001","L","EP",,"YFT","YELLOWFIN TUNA","29608"
"2000","L","EP",,"YFT","YELLOWFIN TUNA","23855"
"1999","L","EP",,"YFT","YELLOWFIN TUNA","11682"
"1998","L","EP",,"YFT","YELLOWFIN TUNA","15336"
"1997","L","EP",,"YFT","YELLOWFIN TUNA","22163"
"1996","L","EP",,"YFT","YELLOWFIN TUNA","16608"
"1995","L","EP",,"YFT","YELLOWFIN TUNA","20596"
"1994","L","EP",,"YFT","YELLOWFIN TUNA","30026"
"1993","L","EP",,"YFT","YELLOWFIN TUNA","24009"
"1992","L","EP",,"YFT","YELLOWFIN TUNA","18646"
"1991","L","EP",,"YFT","YELLOWFIN TUNA","30899"
"1990","L","EP",,"YFT","YELLOWFIN TUNA","34633"
"1989","L","EP",,"YFT","YELLOWFIN TUNA","17032"
"1988","L","EP",,"YFT","YELLOWFIN TUNA","14660"
"1987","L","EP",,"YFT","YELLOWFIN TUNA","18911"
"1986","L","EP",,"YFT","YELLOWFIN TUNA","22808"
"1985","L","EP",,"YFT","YELLOWFIN TUNA","13198"
"1984","L","EP",,"YFT","YELLOWFIN TUNA","10345"
"1983","L","EP",,"YFT","YELLOWFIN TUNA","10895"
"1982","L","EP",,"YFT","YELLOWFIN TUNA","10961"
"1981","L","EP",,"YFT","YELLOWFIN TUNA","7999"
"1980","L","EP",,"YFT","YELLOWFIN TUNA","13477"
"1979","L","EP",,"YFT","YELLOWFIN TUNA","11473"
"1978","L","EP",,"YFT","YELLOWFIN TUNA","10188"
"1977","L","EP",,"YFT","YELLOWFIN TUNA","12355"
"1976","L","EP",,"YFT","YELLOWFIN TUNA","15632"
"1975","L","EP",,"YFT","YELLOWFIN TUNA","10640"
"1974","L","EP",,"YFT","YELLOWFIN TUNA","7190"
"1973","L","EP",,"YFT","YELLOWFIN TUNA","11697"
"1972","L","EP",,"YFT","YELLOWFIN TUNA","16859"
"1971","L","EP",,"YFT","YELLOWFIN TUNA","8013"
"1970","L","EP",,"YFT","YELLOWFIN TUNA","12643"
"1969","L","EP",,"YFT","YELLOWFIN TUNA","15329"
"1968","L","EP",,"YFT","YELLOWFIN TUNA","14986"
"1967","L","EP",,"YFT","YELLOWFIN TUNA","9285"
"1966","L","EP",,"YFT","YELLOWFIN TUNA","9097"
"1965","L","EP",,"YFT","YELLOWFIN TUNA","15620"
"1964","L","EP",,"YFT","YELLOWFIN TUNA","16974"
"1963","L","EP",,"YFT","YELLOWFIN TUNA","18973"
"1962","L","EP",,"YFT","YELLOWFIN TUNA","10211"
"1961","L","EP",,"YFT","YELLOWFIN TUNA","12500"
"1960","L","EP",,"YFT","YELLOWFIN TUNA","5934"
"1959","L","EP",,"YFT","YELLOWFIN TUNA","3437"
"1958","L","EP",,"YFT","YELLOWFIN TUNA","4927"
"1957","L","EP",,"YFT","YELLOWFIN TUNA","5854"
"1955","L","EP",,"YFT","YELLOWFIN TUNA","427"
"1956","L","EP",,"YFT","YELLOWFIN TUNA","967"
"1954","L","EP",,"YFT","YELLOWFIN TUNA","209"
"2022","O","EP",,"YFT","YELLOWFIN TUNA","82"
"2021","O","EP",,"YFT","YELLOWFIN TUNA","82"
"1978","O","EP",,"YFT","YELLOWFIN TUNA","1103"
"2023","L","EP",,"YFT","YELLOWFIN TUNA","6655"
"2020","O","EP",,"YFT","YELLOWFIN TUNA","772"
"2019","O","EP",,"YFT","YELLOWFIN TUNA","1397"
"2018","O","EP",,"YFT","YELLOWFIN TUNA","1412"
"2017","O","EP",,"YFT","YELLOWFIN TUNA","2685"
"2016","O","EP",,"YFT","YELLOWFIN TUNA","2876"
"2015","O","EP",,"YFT","YELLOWFIN TUNA","3583"
"2014","O","EP",,"YFT","YELLOWFIN TUNA","865"
"2013","O","EP",,"YFT","YELLOWFIN TUNA","865"
"2011","O","EP",,"YFT","YELLOWFIN TUNA","806"
"2012","O","EP",,"YFT","YELLOWFIN TUNA","1236"
"2010","O","EP",,"YFT","YELLOWFIN TUNA","2641"
"2009","O","EP",,"YFT","YELLOWFIN TUNA","995"
"2007","O","EP",,"YFT","YELLOWFIN TUNA","1439"
"2006","O","EP",,"YFT","YELLOWFIN TUNA","1458"
"2005","O","EP",,"YFT","YELLOWFIN TUNA","1852"
"2004","O","EP",,"YFT","YELLOWFIN TUNA","627"
"2008","O","EP",,"YFT","YELLOWFIN TUNA","941"
"2003","O","EP",,"YFT","YELLOWFIN TUNA","1145"
"2002","O","EP",,"YFT","YELLOWFIN TUNA","549"
"2001","O","EP",,"YFT","YELLOWFIN TUNA","520"
"2000","O","EP",,"YFT","YELLOWFIN TUNA","1109"
"1999","O","EP",,"YFT","YELLOWFIN TUNA","2706"
"1998","O","EP",,"YFT","YELLOWFIN TUNA","1529"
"1997","O","EP",,"YFT","YELLOWFIN TUNA","600"
"1996","O","EP",,"YFT","YELLOWFIN TUNA","1639"
"1995","O","EP",,"YFT","YELLOWFIN TUNA","2066"
"1994","O","EP",,"YFT","YELLOWFIN TUNA","1487"
"1993","O","EP",,"YFT","YELLOWFIN TUNA","3034"
"1992","O","EP",,"YFT","YELLOWFIN TUNA","1958"
"1991","O","EP",,"YFT","YELLOWFIN TUNA","958"
"1990","O","EP",,"YFT","YELLOWFIN TUNA","960"
"1989","O","EP",,"YFT","YELLOWFIN TUNA","263"
"1988","O","EP",,"YFT","YELLOWFIN TUNA","752"
"1987","O","EP",,"YFT","YELLOWFIN TUNA","138"
"1986","O","EP",,"YFT","YELLOWFIN TUNA","214"
"1985","O","EP",,"YFT","YELLOWFIN TUNA","212"
"1984","O","EP",,"YFT","YELLOWFIN TUNA","344"
"1983","O","EP",,"YFT","YELLOWFIN TUNA","849"
"1982","O","EP",,"YFT","YELLOWFIN TUNA","280"
"1981","O","EP",,"YFT","YELLOWFIN TUNA","800"
"1980","O","EP",,"YFT","YELLOWFIN TUNA","862"
"1975","O","EP",,"YFT","YELLOWFIN TUNA","567"
"1977","O","EP",,"YFT","YELLOWFIN TUNA","248"
"1979","O","EP",,"YFT","YELLOWFIN TUNA","212"
"1973","O","EP",,"YFT","YELLOWFIN TUNA","661"
"1974","O","EP",,"YFT","YELLOWFIN TUNA","1230"
"1976","O","EP",,"YFT","YELLOWFIN TUNA","358"
"1966","O","EP",,"YFT","YELLOWFIN TUNA","507"
"1967","O","EP",,"YFT","YELLOWFIN TUNA","1534"
"1968","O","EP",,"YFT","YELLOWFIN TUNA","3241"
"1969","O","EP",,"YFT","YELLOWFIN TUNA","1866"
"1970","O","EP",,"YFT","YELLOWFIN TUNA","4850"
"1972","O","EP",,"YFT","YELLOWFIN TUNA","1060"
"1971","O","EP",,"YFT","YELLOWFIN TUNA","2482"
"1959","O","EP",,"YFT","YELLOWFIN TUNA","670"
"1960","O","EP",,"YFT","YELLOWFIN TUNA","458"
"1961","O","EP",,"YFT","YELLOWFIN TUNA","949"
"1962","O","EP",,"YFT","YELLOWFIN TUNA","706"
"1963","O","EP",,"YFT","YELLOWFIN TUNA","688"
"1964","O","EP",,"YFT","YELLOWFIN TUNA","738"
"1965","O","EP",,"YFT","YELLOWFIN TUNA","312"
"1952","O","EP",,"YFT","YELLOWFIN TUNA","1067"
"1951","O","EP",,"YFT","YELLOWFIN TUNA","727"
"1950","O","EP",,"YFT","YELLOWFIN TUNA","879"
"2023","O","EP",,"YFT","YELLOWFIN TUNA","82"
